{"test_scores_mean":{"0":0.2806922332,"1":0.2799402132,"2":0.2554134974,"3":0.2520412258,"4":0.2494183423,"5":0.248104927,"6":0.2543911936,"7":0.2483482841},"test_scores_std":{"0":0.0920558259,"1":0.110161396,"2":0.0942805601,"3":0.096196853,"4":0.0921158119,"5":0.0912190656,"6":0.0997275209,"7":0.0956609322},"train_scores_mean":{"0":0.034664477,"1":0.0606457913,"2":0.0748237079,"3":0.0830134387,"4":0.0892077138,"5":0.0935745128,"6":0.0976633025,"7":0.1005114668},"train_scores_std":{"0":0.0019736862,"1":0.0008038263,"2":0.0006763605,"3":0.0001599408,"4":0.0002662271,"5":0.0001599557,"6":0.0006312878,"7":0.0006585176},"train_sizes":{"0":22290.0,"1":50949.0,"2":79608.0,"3":108268.0,"4":136927.0,"5":165586.0,"6":194245.0,"7":222905.0}}