{"test_scores_mean":{"0":0.3254419294,"1":0.3253503845,"2":0.3283311511,"3":0.3255599606,"4":0.3234061406,"5":0.324394275,"6":0.3249691336,"7":0.3236983},"test_scores_std":{"0":0.0954598471,"1":0.096018191,"2":0.0992346195,"3":0.0982617415,"4":0.0962476912,"5":0.0974232868,"6":0.0976487286,"7":0.0959746926},"train_scores_mean":{"0":0.2235378522,"1":0.2742469933,"2":0.2570757927,"3":0.2486694679,"4":0.2428480502,"5":0.2414595751,"6":0.239524073,"7":0.2522106006},"train_scores_std":{"0":0.0155632839,"1":0.0928453724,"2":0.0677979203,"3":0.0526286148,"4":0.0422755024,"5":0.0342721345,"6":0.0326816857,"7":0.0310839002},"train_sizes":{"0":22290.0,"1":50949.0,"2":79608.0,"3":108268.0,"4":136927.0,"5":165586.0,"6":194245.0,"7":222905.0}}